{
  "1": 0.09399999678134918,
  "2": 0.16639786958694458,
  "3": 0.21573247015476227,
  "4": 0.2557200491428375,
  "5": 0.29024988412857056,
  "6": 0.3210875988006592,
  "7": 0.3492126762866974,
  "8": 0.37523558735847473,
  "9": 0.39956727623939514,
  "10": 0.4225000143051148,
  "11": 0.443107545375824,
  "12": 0.46279838681221,
  "13": 0.4816849529743195,
  "14": 0.4998584389686584,
  "15": 0.517393946647644,
  "16": 0.5343543291091919,
  "17": 0.5507926940917969,
  "18": 0.5667545199394226,
  "19": 0.5822789072990417,
  "20": 0.5974000096321106,
  "21": 0.6121572852134705,
  "22": 0.6265671253204346,
  "23": 0.6406529545783997,
  "24": 0.654435634613037,
  "25": 0.667934000492096,
  "26": 0.6811649203300476,
  "27": 0.6941436529159546,
  "28": 0.7068842053413391,
  "29": 0.719399094581604,
  "30": 0.7317000031471252,
  "31": 0.7377694845199585,
  "32": 0.7437894344329834,
  "33": 0.7497610449790955,
  "34": 0.7556855082511902,
  "35": 0.7615638375282288,
  "36": 0.7673971652984619,
  "37": 0.7731865048408508,
  "38": 0.7789327502250671,
  "39": 0.78463697,
  "40": 0.79030001,
  "41": 0.79530001,
  "42": 0.8003,
  "43": 0.8053,
  "44": 0.81029999,
  "45": 0.81529999,
  "46": 0.82029999,
  "47": 0.82529999,
  "48": 0.83029999,
  "49": 0.83529999,
  "50": 0.84029999,
  "51": 0.84529999,
  "1.5": 0.1351374313235283,
  "2.5": 0.1926509141921997,
  "3.5": 0.23657265305519104,
  "4.5": 0.27353037893772125,
  "5.5": 0.3060573786497116,
  "6.5": 0.33544503152370453,
  "7.5": 0.362457737326622,
  "8.5": 0.38759241108516856,
  "9.5": 0.4111935495172506,
  "10.5": 0.4329264134104144,
  "11.5": 0.4530599538719858,
  "12.5": 0.4723360780626535,
  "13.5": 0.4908558102324605,
  "14.5": 0.5087017565965652,
  "15.5": 0.5259425118565559,
  "16.5": 0.5426357612013817,
  "17.5": 0.5588305993005633,
  "18.5": 0.574569147080183,
  "19.5": 0.5898879119195044,
  "20.5": 0.6048236563801765,
  "21.5": 0.6194041110575199,
  "22.5": 0.633649181574583,
  "23.5": 0.6475809663534164,
  "24.5": 0.6612192690372467,
  "25.5": 0.6745819002389908,
  "26.5": 0.6876849085092545,
  "27.5": 0.7005428969860077,
  "28.5": 0.7131690979003906,
  "29.5": 0.7255756109952927,
  "30.5": 0.7347410172224045,
  "31.5": 0.740785576403141,
  "32.5": 0.7467812150716782,
  "33.5": 0.7527291029691696,
  "34.5": 0.7586303651332855,
  "35.5": 0.7644860669970512,
  "36.5": 0.7702972739934921,
  "37.5": 0.7760649472475052,
  "38.5": 0.78179006,
  "39.5": 0.78747358,
  "40.5": 0.79280001,
  "41.5": 0.79780001,
  "42.5": 0.8028,
  "43.5": 0.8078,
  "44.5": 0.81279999,
  "45.5": 0.81779999,
  "46.5": 0.82279999,
  "47.5": 0.82779999,
  "48.5": 0.83279999,
  "49.5": 0.83779999,
  "50.5": 0.84279999
}